ChannelName,Topic, InviteOnly, TopicRestricted, PasswordProtected, UserLimited, UserLimit, Password
ChannelName,Topic, InviteOnly, TopicRestricted, PasswordProtected, UserLimited, UserLimit, Password
ChannelName,Topic, InviteOnly, TopicRestricted, PasswordProtected, UserLimited, UserLimit, Password
ChannelName,Topic, InviteOnly, TopicRestricted, PasswordProtected, UserLimited, UserLimit, Password
ChannelName,Topic, InviteOnly, TopicRestricted, PasswordProtected, UserLimited, UserLimit, Password
ChannelName,Topic, InviteOnly, TopicRestricted, PasswordProtected, UserLimited, UserLimit, Password
ChannelName,Topic, InviteOnly, TopicRestricted, PasswordProtected, UserLimited, UserLimit, Password
ChannelName,Topic, InviteOnly, TopicRestricted, PasswordProtected, UserLimited, UserLimit, Password
ChannelName,Topic, InviteOnly, TopicRestricted, PasswordProtected, UserLimited, UserLimit, Password
ChannelName,Topic, InviteOnly, TopicRestricted, PasswordProtected, UserLimited, UserLimit, Password
ChannelName,Topic, InviteOnly, TopicRestricted, PasswordProtected, UserLimited, UserLimit, Password
ChannelName,Topic, InviteOnly, TopicRestricted, PasswordProtected, UserLimited, UserLimit, Password
ChannelName,Topic, InviteOnly, TopicRestricted, PasswordProtected, UserLimited, UserLimit, Password
ChannelName,Topic, InviteOnly, TopicRestricted, PasswordProtected, UserLimited, UserLimit, Password
ChannelName,Topic, InviteOnly, TopicRestricted, PasswordProtected, UserLimited, UserLimit, Password
ChannelName,Topic, InviteOnly, TopicRestricted, PasswordProtected, UserLimited, UserLimit, Password
ChannelName,Topic, InviteOnly, TopicRestricted, PasswordProtected, UserLimited, UserLimit, Password
ChannelName,Topic, InviteOnly, TopicRestricted, PasswordProtected, UserLimited, UserLimit, Password
ChannelName,Topic, InviteOnly, TopicRestricted, PasswordProtected, UserLimited, UserLimit, Password
ChannelName,Topic, InviteOnly, TopicRestricted, PasswordProtected, UserLimited, UserLimit, Password
ChannelName,Topic, InviteOnly, TopicRestricted, PasswordProtected, UserLimited, UserLimit, Password
ChannelName,Topic, InviteOnly, TopicRestricted, PasswordProtected, UserLimited, UserLimit, Password
ChannelName,Topic, InviteOnly, TopicRestricted, PasswordProtected, UserLimited, UserLimit, Password
ChannelName,Topic, InviteOnly, TopicRestricted, PasswordProtected, UserLimited, UserLimit, Password
ChannelName,Topic, InviteOnly, TopicRestricted, PasswordProtected, UserLimited, UserLimit, Password
ChannelName,Topic, InviteOnly, TopicRestricted, PasswordProtected, UserLimited, UserLimit, Password
ChannelName,Topic, InviteOnly, TopicRestricted, PasswordProtected, UserLimited, UserLimit, Password
ChannelName,Topic, InviteOnly, TopicRestricted, PasswordProtected, UserLimited, UserLimit, Password
ChannelName,Topic, InviteOnly, TopicRestricted, PasswordProtected, UserLimited, UserLimit, Password
ChannelName,Topic, InviteOnly, TopicRestricted, PasswordProtected, UserLimited, UserLimit, Password
ChannelName,Topic, InviteOnly, TopicRestricted, PasswordProtected, UserLimited, UserLimit, Password
ChannelName,Topic, InviteOnly, TopicRestricted, PasswordProtected, UserLimited, UserLimit, Password
ChannelName,Topic, InviteOnly, TopicRestricted, PasswordProtected, UserLimited, UserLimit, Password
ChannelName,Topic, InviteOnly, TopicRestricted, PasswordProtected, UserLimited, UserLimit, Password
ChannelName,Topic, InviteOnly, TopicRestricted, PasswordProtected, UserLimited, UserLimit, Password
ChannelName,Topic, InviteOnly, TopicRestricted, PasswordProtected, UserLimited, UserLimit, Password
ChannelName,Topic, InviteOnly, TopicRestricted, PasswordProtected, UserLimited, UserLimit, Password
ChannelName,Topic, InviteOnly, TopicRestricted, PasswordProtected, UserLimited, UserLimit, Password
ChannelName,Topic, InviteOnly, TopicRestricted, PasswordProtected, UserLimited, UserLimit, Password
ChannelName,Topic, InviteOnly, TopicRestricted, PasswordProtected, UserLimited, UserLimit, Password
ChannelName,Topic, InviteOnly, TopicRestricted, PasswordProtected, UserLimited, UserLimit, Password
ChannelName,Topic, InviteOnly, TopicRestricted, PasswordProtected, UserLimited, UserLimit, Password
ChannelName,Topic, InviteOnly, TopicRestricted, PasswordProtected, UserLimited, UserLimit, Password
ChannelName,Topic, InviteOnly, TopicRestricted, PasswordProtected, UserLimited, UserLimit, Password
ChannelName,Topic, InviteOnly, TopicRestricted, PasswordProtected, UserLimited, UserLimit, Password
ChannelName,Topic, InviteOnly, TopicRestricted, PasswordProtected, UserLimited, UserLimit, Password
ChannelName,Topic, InviteOnly, TopicRestricted, PasswordProtected, UserLimited, UserLimit, Password
ChannelName,Topic, InviteOnly, TopicRestricted, PasswordProtected, UserLimited, UserLimit, Password
ChannelName,Topic, InviteOnly, TopicRestricted, PasswordProtected, UserLimited, UserLimit, Password
ChannelName,Topic, InviteOnly, TopicRestricted, PasswordProtected, UserLimited, UserLimit, Password
ChannelName,Topic, InviteOnly, TopicRestricted, PasswordProtected, UserLimited, UserLimit, Password
ChannelName,Topic, InviteOnly, TopicRestricted, PasswordProtected, UserLimited, UserLimit, Password
ChannelName,Topic, InviteOnly, TopicRestricted, PasswordProtected, UserLimited, UserLimit, Password
ChannelName,Topic, InviteOnly, TopicRestricted, PasswordProtected, UserLimited, UserLimit, Password
ChannelName,Topic, InviteOnly, TopicRestricted, PasswordProtected, UserLimited, UserLimit, Password
ChannelName,Topic, InviteOnly, TopicRestricted, PasswordProtected, UserLimited, UserLimit, Password
ChannelName,Topic, InviteOnly, TopicRestricted, PasswordProtected, UserLimited, UserLimit, Password
ChannelName,Topic, InviteOnly, TopicRestricted, PasswordProtected, UserLimited, UserLimit, Password
ChannelName,Topic, InviteOnly, TopicRestricted, PasswordProtected, UserLimited, UserLimit, Password
ChannelName,Topic, InviteOnly, TopicRestricted, PasswordProtected, UserLimited, UserLimit, Password
ChannelName,Topic, InviteOnly, TopicRestricted, PasswordProtected, UserLimited, UserLimit, Password
ChannelName,Topic, InviteOnly, TopicRestricted, PasswordProtected, UserLimited, UserLimit, Password
ChannelName,Topic, InviteOnly, TopicRestricted, PasswordProtected, UserLimited, UserLimit, Password
ChannelName,Topic, InviteOnly, TopicRestricted, PasswordProtected, UserLimited, UserLimit, Password
ChannelName,Topic, InviteOnly, TopicRestricted, PasswordProtected, UserLimited, UserLimit, Password
ChannelName,Topic, InviteOnly, TopicRestricted, PasswordProtected, UserLimited, UserLimit, Password
ChannelName,Topic, InviteOnly, TopicRestricted, PasswordProtected, UserLimited, UserLimit, Password
ChannelName,Topic, InviteOnly, TopicRestricted, PasswordProtected, UserLimited, UserLimit, Password
ChannelName,Topic, InviteOnly, TopicRestricted, PasswordProtected, UserLimited, UserLimit, Password
ChannelName,Topic, InviteOnly, TopicRestricted, PasswordProtected, UserLimited, UserLimit, Password
ChannelName,Topic, InviteOnly, TopicRestricted, PasswordProtected, UserLimited, UserLimit, Password
ChannelName,Topic, InviteOnly, TopicRestricted, PasswordProtected, UserLimited, UserLimit, Password
ChannelName,Topic, InviteOnly, TopicRestricted, PasswordProtected, UserLimited, UserLimit, Password
ChannelName,Topic, InviteOnly, TopicRestricted, PasswordProtected, UserLimited, UserLimit, Password
ChannelName,Topic, InviteOnly, TopicRestricted, PasswordProtected, UserLimited, UserLimit, Password
